<application>
  <component name="FindSettings">
    <option name="customScope" value="All Places" />
    <option name="defaultScopeName" value="All Places" />
    <option name="SEARCH_SCOPE" value="All Places" />
    <mask>*.properties</mask>
    <mask>*.html</mask>
    <mask>*.jsp</mask>
    <mask>*.xml</mask>
    <mask>*.java</mask>
    <mask>*.as</mask>
    <mask>*.css</mask>
    <mask>*.mxml</mask>
    <mask>*.html.haml</mask>
    <mask>*spec.rb</mask>
    <mask>*.tsx</mask>
    <mask>*_spec.rb</mask>
    <mask>*.</mask>
    <mask>*.rb</mask>
    <mask>*.ts</mask>
    <mask>*.erb</mask>
    <mask>*.vue</mask>
    <mask>*.js</mask>
    <mask>*.haml</mask>
  </component>
</application>